"Data Source","World Development Indicators",

"Last Updated Date","2020-04-09",

"Country Name","Country Code","Indicator Name","Indicator Code","1960","1961","1962","1963","1964","1965","1966","1967","1968","1969","1970","1971","1972","1973","1974","1975","1976","1977","1978","1979","1980","1981","1982","1983","1984","1985","1986","1987","1988","1989","1990","1991","1992","1993","1994","1995","1996","1997","1998","1999","2000","2001","2002","2003","2004","2005","2006","2007","2008","2009","2010","2011","2012","2013","2014","2015","2016","2017","2018","2019",
"Aruba","ABW","Arms exports (SIPRI trend indicator values)","MS.MIL.XPRT.KD","","","","","","","","","","","","","","","","","","","","","","","","","","","","","","","","","","","","","18000000","","","","","","","","","","","","","","","","","","","","","","","",
"Afghanistan","AFG","Arms exports (SIPRI trend indicator values)","MS.MIL.XPRT.KD","","","","","","","","","","","","","","","","","","","","","","","","","","","","","","","","","1000000","","","","","","","","","","","","","","","","","","","","","","","","","","","",
"Angola","AGO","Arms exports (SIPRI trend indicator values)","MS.MIL.XPRT.KD","","","","","","","","","","","","","","","","","","","","3000000","0","","","","","","","","","","","","8000000","","","","","","","","","","2000000","","","","","","","","","","","","","","","","","",
"Albania","ALB","Arms exports (SIPRI trend indicator values)","MS.MIL.XPRT.KD","","","","","","","","","","","","","","","","","","","","","","","","","","","","","","","","","","","","","","","","","","","","","","","","","","","","0","","","","","","","","",
"Andorra","AND","Arms exports (SIPRI trend indicator values)","MS.MIL.XPRT.KD","","","","","","","","","","","","","","","","","","","","","","","","","","","","","","","","","","","","","","","","","","","","","","","","","","","","","","","","","","","","",
"Arab World","ARB","Arms exports (SIPRI trend indicator values)","MS.MIL.XPRT.KD","3000000","","9000000","8000000","2000000","","13000000","12000000","35000000","21000000","56000000","","2000000","","","","4000000","","","","","217000000","","","99000000","","","","","","","","","","","","","","","","","","","","","","","","","","","","","","","","","","","",
"United Arab Emirates","ARE","Arms exports (SIPRI trend indicator values)","MS.MIL.XPRT.KD","","","","","","","","","","","","","","","8000000","","","","","","","","","14000000","","","","1000000","","","2000000","","","","","28000000","6000000","32000000","","","","","","","3000000","11000000","17000000","3000000","","34000000","39000000","3000000","69000000","106000000","73000000","128000000","92000000","103000000","113000000","",
"Argentina","ARG","Arms exports (SIPRI trend indicator values)","MS.MIL.XPRT.KD","","","6000000","","4000000","","","0","8000000","","0","","11000000","","","","1000000","","","8000000","1000000","24000000","3000000","1000000","","","","4000000","1000000","","6000000","0","","11000000","4000000","5000000","","","","","2000000","6000000","2000000","","","","2000000","","","","","1000000","","","","","","","","",
"Armenia","ARM","Arms exports (SIPRI trend indicator values)","MS.MIL.XPRT.KD","","","","","","","","","","","","","","","","","","","","","","","","","","","","","","","","","","","","","","","","","","","","","","","4000000","","","","","","","","","","","","","",
"American Samoa","ASM","Arms exports (SIPRI trend indicator values)","MS.MIL.XPRT.KD","","","","","","","","","","","","","","","","","","","","","","","","","","","","","","","","","","","","","","","","","","","","","","","","","","","","","","","","","","","","",
"Antigua and Barbuda","ATG","Arms exports (SIPRI trend indicator values)","MS.MIL.XPRT.KD","","","","","","","","","","","","","","","","","","","","","","","","","","","","","","","","","","","","","","","","","","","","","","","","","","","","","","","","","","","","",
"Australia","AUS","Arms exports (SIPRI trend indicator values)","MS.MIL.XPRT.KD","","2000000","4000000","","","","","","","26000000","17000000","36000000","6000000","72000000","92000000","131000000","113000000","62000000","21000000","22000000","15000000","15000000","24000000","31000000","62000000","10000000","57000000","89000000","18000000","18000000","158000000","85000000","","30000000","36000000","36000000","16000000","20000000","4000000","","","43000000","47000000","44000000","2000000","49000000","14000000","18000000","25000000","80000000","115000000","143000000","45000000","54000000","97000000","87000000","134000000","98000000","38000000","",
"Austria","AUT","Arms exports (SIPRI trend indicator values)","MS.MIL.XPRT.KD","","","","","0","0","1000000","1000000","1000000","1000000","1000000","1000000","1000000","1000000","0","0","","","37000000","126000000","54000000","70000000","60000000","56000000","58000000","248000000","40000000","30000000","12000000","12000000","30000000","20000000","20000000","10000000","17000000","","18000000","1000000","29000000","23000000","24000000","17000000","83000000","3000000","3000000","4000000","63000000","100000000","15000000","42000000","48000000","51000000","25000000","29000000","15000000","10000000","15000000","22000000","5000000","",
"Azerbaijan","AZE","Arms exports (SIPRI trend indicator values)","MS.MIL.XPRT.KD","","","","","","","","","","","","","","","","","","","","","","","","","","","","","","","","","","","","","","","","","","","","","","","","","","","","","","","","","","","","",
"Burundi","BDI","Arms exports (SIPRI trend indicator values)","MS.MIL.XPRT.KD","","","","","","","","","","","","","","","","","","","","","","","","","","","","","","","","","","","","","","","","","","","","","","","","","","","","","","","","","","","","",
"Belgium","BEL","Arms exports (SIPRI trend indicator values)","MS.MIL.XPRT.KD","3000000","0","2000000","0","1000000","","12000000","","","5000000","","0","","","","","","","2000000","3000000","1000000","19000000","41000000","89000000","115000000","3000000","19000000","","18000000","36000000","1000000","1000000","","","33000000","167000000","59000000","93000000","46000000","45000000","26000000","37000000","35000000","15000000","47000000","159000000","59000000","19000000","217000000","243000000","9000000","116000000","22000000","55000000","10000000","12000000","7000000","12000000","16000000","",
"Benin","BEN","Arms exports (SIPRI trend indicator values)","MS.MIL.XPRT.KD","","","","","","","","","","","","","","","","","","","","","","","","","","","","","","","","","","","","","","","","","","","","","","","","","","","","","","","","","","","","",
"Burkina Faso","BFA","Arms exports (SIPRI trend indicator values)","MS.MIL.XPRT.KD","","","","","","","","","","","","","","","","","","","","","","","","","","","","","","","","","","","","","","","","","","","","","","","","","","","","","","","","","","","","",
"Bangladesh","BGD","Arms exports (SIPRI trend indicator values)","MS.MIL.XPRT.KD","","","","","","","","","","","","","","","","","","","","","","","","","2000000","","","","","","","","","","","","","","","","","","","","","","","","","","","","","","","","","","","",
"Bulgaria","BGR","Arms exports (SIPRI trend indicator values)","MS.MIL.XPRT.KD","","","","","","","","","","","","","","","","","","","","","","","","4000000","","","106000000","","","5000000","6000000","42000000","16000000","28000000","55000000","1000000","21000000","6000000","39000000","167000000","2000000","10000000","37000000","44000000","19000000","86000000","5000000","9000000","4000000","16000000","4000000","2000000","13000000","21000000","14000000","70000000","61000000","30000000","7000000","",
"Bahrain","BHR","Arms exports (SIPRI trend indicator values)","MS.MIL.XPRT.KD","","","","","","","","","","","","","","","","","","","","","","","","","","","","","","","","","","","","","","","","","","2000000","","","","","","","","","","","","","","","","","","",
"Bahamas, The","BHS","Arms exports (SIPRI trend indicator values)","MS.MIL.XPRT.KD","","","","","","","","","","","","","","","","","","","","","","","","","","","","","","","","","","","","","","","","","","","","","","","","","","","","","","","","0","","","","",
"Bosnia and Herzegovina","BIH","Arms exports (SIPRI trend indicator values)","MS.MIL.XPRT.KD","","","","","","","","","","","","","","","","","","","","","","","","","","","","","","","","","","","","","","","","","","","4000000","","","","","","","","","14000000","","3000000","","","","","","",
"Belarus","BLR","Arms exports (SIPRI trend indicator values)","MS.MIL.XPRT.KD","","","","","","","","","","","","","","","","","","","","","","","","","","","","","","","","","","8000000","","7000000","129000000","341000000","63000000","452000000","293000000","49000000","63000000","57000000","19000000","53000000","43000000","6000000","224000000","41000000","159000000","96000000","65000000","268000000","68000000","142000000","152000000","50000000","56000000","",
"Belize","BLZ","Arms exports (SIPRI trend indicator values)","MS.MIL.XPRT.KD","","","","","","","","","","","","","","","","","","","","","","","","","","","","","","","","","","","","","","","","","","","","","","","","","","","","","","","","","","","","",
"Bermuda","BMU","Arms exports (SIPRI trend indicator values)","MS.MIL.XPRT.KD","","","","","","","","","","","","","","","","","","","","","","","","","","","","","","","","","","","","","","","","","","","","","","","","","","","","","","","","","","","","",
"Bolivia","BOL","Arms exports (SIPRI trend indicator values)","MS.MIL.XPRT.KD","","","","","","","","","","","","","","","","","","","","","","","","","","","","","","","","","","","","","","","","","","","","","","","","","","","","","","","","","","","","",
"Brazil","BRA","Arms exports (SIPRI trend indicator values)","MS.MIL.XPRT.KD","2000000","12000000","","","","","","","","3000000","","0","","","32000000","59000000","104000000","145000000","179000000","70000000","156000000","62000000","122000000","196000000","267000000","197000000","126000000","191000000","183000000","47000000","96000000","114000000","90000000","36000000","54000000","33000000","23000000","23000000","16000000","","","","19000000","","46000000","1000000","44000000","53000000","92000000","43000000","143000000","31000000","33000000","40000000","42000000","41000000","111000000","47000000","111000000","",
"Barbados","BRB","Arms exports (SIPRI trend indicator values)","MS.MIL.XPRT.KD","","","","","","","","","","","","","","","","","","","","","","","","","","","","","","","","","","","","","","","","","","","","","","","","","","","","","","","","","","","","",
"Brunei Darussalam","BRN","Arms exports (SIPRI trend indicator values)","MS.MIL.XPRT.KD","","","","","","","","","","","","","","","","","","","","","","","","","","","","","","","","","","","","","","","","","","","","","","","","","","","","24000000","","","","","12000000","","","",
"Bhutan","BTN","Arms exports (SIPRI trend indicator values)","MS.MIL.XPRT.KD","","","","","","","","","","","","","","","","","","","","","","","","","","","","","","","","","","","","","","","","","","","","","","","","","","","","","","","","","","","","",
"Botswana","BWA","Arms exports (SIPRI trend indicator values)","MS.MIL.XPRT.KD","","","","","","","","","","","","","","","","","","","","","","","","","","","","","","","","","","","","","","","","","","","","","","","","","","","","","","","","","","","","",
"Central African Republic","CAF","Arms exports (SIPRI trend indicator values)","MS.MIL.XPRT.KD","","","","","","","","","","","","","","","","","","","","","","","","","","","","","","","","","","","","","","","","","","","","","","","","","","","","","","","","","","","","",
"Canada","CAN","Arms exports (SIPRI trend indicator values)","MS.MIL.XPRT.KD","52000000","314000000","188000000","214000000","253000000","111000000","102000000","53000000","197000000","166000000","196000000","293000000","327000000","130000000","121000000","148000000","329000000","169000000","190000000","195000000","161000000","130000000","259000000","120000000","108000000","100000000","261000000","279000000","153000000","49000000","101000000","121000000","143000000","146000000","167000000","263000000","160000000","95000000","40000000","79000000","74000000","129000000","178000000","278000000","278000000","235000000","236000000","333000000","238000000","186000000","244000000","321000000","270000000","190000000","202000000","346000000","120000000","64000000","84000000","",
"Central Europe and the Baltics","CEB","Arms exports (SIPRI trend indicator values)","MS.MIL.XPRT.KD","5000000","5000000","12000000","111000000","237000000","234000000","337000000","327000000","325000000","351000000","268000000","280000000","289000000","211000000","241000000","","","","344000000","273000000","259000000","406000000","306000000","224000000","","","399000000","","","50000000","118000000","102000000","","","580000000","431000000","264000000","141000000","","","172000000","","222000000","","","259000000","","267000000","","","","","157000000","353000000","","","","","","",
"Switzerland","CHE","Arms exports (SIPRI trend indicator values)","MS.MIL.XPRT.KD","442000000","500000000","530000000","337000000","379000000","484000000","367000000","261000000","91000000","104000000","18000000","42000000","34000000","54000000","89000000","395000000","480000000","260000000","196000000","446000000","482000000","513000000","398000000","314000000","512000000","344000000","337000000","303000000","352000000","311000000","454000000","482000000","446000000","234000000","173000000","139000000","186000000","118000000","211000000","276000000","178000000","207000000","164000000","184000000","254000000","252000000","294000000","301000000","458000000","228000000","250000000","326000000","229000000","174000000","336000000","466000000","215000000","184000000","243000000","",
"Channel Islands","CHI","Arms exports (SIPRI trend indicator values)","MS.MIL.XPRT.KD","","","","","","","","","","","","","","","","","","","","","","","","","","","","","","","","","","","","","","","","","","","","","","","","","","","","","","","","","","","","",
"Chile","CHL","Arms exports (SIPRI trend indicator values)","MS.MIL.XPRT.KD","","","","","","","","","","","","","","","","0","","","0","","0","0","","1000000","","","3000000","3000000","4000000","4000000","","3000000","1000000","","","","29000000","","2000000","1000000","1000000","","1000000","","","","","","100000000","","","","","","20000000","","","","0","",
"China","CHN","Arms exports (SIPRI trend indicator values)","MS.MIL.XPRT.KD","285000000","35000000","51000000","11000000","67000000","386000000","619000000","410000000","730000000","657000000","893000000","1292000000","1238000000","674000000","511000000","668000000","586000000","224000000","617000000","560000000","949000000","642000000","1504000000","1770000000","1929000000","1263000000","1861000000","2605000000","1411000000","1041000000","941000000","1312000000","700000000","1436000000","1105000000","1010000000","768000000","429000000","353000000","332000000","299000000","515000000","525000000","700000000","413000000","286000000","668000000","509000000","644000000","1140000000","1478000000","1252000000","1515000000","2047000000","1160000000","1845000000","2360000000","1227000000","1040000000","",
"Cote d'Ivoire","CIV","Arms exports (SIPRI trend indicator values)","MS.MIL.XPRT.KD","","","","","","","","","","","","1000000","","","","","","","","","","","","","","","","","","","","","","","","","","","","","","","","","","","","","","","","","","","","","","","1000000","",
"Cameroon","CMR","Arms exports (SIPRI trend indicator values)","MS.MIL.XPRT.KD","","","","","","","","","","","","","","","","","","","","","","","","","","","","","","","","","","","","","","","","","","","","","","","","","","","","","","","","","","","","",
"Congo, Dem. Rep.","COD","Arms exports (SIPRI trend indicator values)","MS.MIL.XPRT.KD","","","","","","","","","","","","","","","","","","","","1000000","","","","","","","","","","","","","","","","","","22000000","","","","","","","","","","","","","","","","","","","","","","",
"Congo, Rep.","COG","Arms exports (SIPRI trend indicator values)","MS.MIL.XPRT.KD","","","","","","","","","","","","","","","","","","","","","","","","","","","","","","","","","","","","","","","","","","","","","","","","","","","","","","","","","","","","",
"Colombia","COL","Arms exports (SIPRI trend indicator values)","MS.MIL.XPRT.KD","","","","","","","","","","","","","","","","","","","","","","","","","","","","","","","","","","","","","","","","","","","5000000","","","","","","","","","","0","","","","","10000000","","",
"Comoros","COM","Arms exports (SIPRI trend indicator values)","MS.MIL.XPRT.KD","","","","","","","","","","","","","","","","","","","","","","","","","","","","","","","","","","","","","","","","","","","","","","","","","","","","","","","","","","","","",
"Cabo Verde","CPV","Arms exports (SIPRI trend indicator values)","MS.MIL.XPRT.KD","","","","","","","","","","","","","","","","","","","","","","","","","","","","","","","","","","","","","","","","","","","","","","","","","","","","","","","","","","","","",
"Costa Rica","CRI","Arms exports (SIPRI trend indicator values)","MS.MIL.XPRT.KD","","","","","","","","","","","","","","","","","","","","","","","","","","","","","","","","","","","","","","","","","","","","","","","","","0","","","","","","","","","","","",
"Caribbean small states","CSS","Arms exports (SIPRI trend indicator values)","MS.MIL.XPRT.KD","","","","","","","","","","","","","","","","","","","","","","","","","","","","","","","","","","","","","","","","","","","","","","","","","","","","","","","","","","","","",
"Cuba","CUB","Arms exports (SIPRI trend indicator values)","MS.MIL.XPRT.KD","","","","","","","","","","","","","","","","1000000","","","12000000","10000000","8000000","","","","","","","","","","","","","","","","","","","","","","","","","","","","","","","","","","","","","","","",
"Curacao","CUW","Arms exports (SIPRI trend indicator values)","MS.MIL.XPRT.KD","","","","","","","","","","","","","","","","","","","","","","","","","","","","","","","","","","","","","","","","","","","","","","","","","","","","","","","","","","","","",
"Cayman Islands","CYM","Arms exports (SIPRI trend indicator values)","MS.MIL.XPRT.KD","","","","","","","","","","","","","","","","","","","","","","","","","","","","","","","","","","","","","","","","","","","","","","","","","","","","","","","","","","","","",
"Cyprus","CYP","Arms exports (SIPRI trend indicator values)","MS.MIL.XPRT.KD","","","","","","","","","","","","","","","","","","","","","","","","","","","","","","","","","","","","","36000000","","","","","","","","","","","","","","","","","","","","","","","",
"Czech Republic","CZE","Arms exports (SIPRI trend indicator values)","MS.MIL.XPRT.KD","","","","","","","","","","","","","","","","","","","","","","","","","","","","","","","","","","202000000","319000000","143000000","126000000","24000000","21000000","57000000","81000000","88000000","60000000","64000000","1000000","70000000","44000000","32000000","32000000","23000000","4000000","10000000","8000000","40000000","26000000","150000000","148000000","98000000","64000000","",
"Germany","DEU","Arms exports (SIPRI trend indicator values)","MS.MIL.XPRT.KD","156000000","12000000","146000000","133000000","438000000","332000000","713000000","771000000","574000000","739000000","1434000000","1364000000","1377000000","226000000","1208000000","1446000000","1662000000","1895000000","1671000000","1464000000","1591000000","1896000000","1525000000","2234000000","2799000000","1283000000","1371000000","925000000","1399000000","1285000000","1899000000","2482000000","1447000000","1489000000","2800000000","1467000000","1950000000","939000000","1808000000","1857000000","1610000000","895000000","902000000","1660000000","1126000000","2068000000","2764000000","3311000000","2380000000","2521000000","2725000000","1339000000","834000000","799000000","1790000000","1759000000","2518000000","1980000000","1277000000","",
"Djibouti","DJI","Arms exports (SIPRI trend indicator values)","MS.MIL.XPRT.KD","","","","","","","","","","","","","","","","","","","","","","","","","","","","","","","","","","","","","","","","","","","","","","","","","","","","","","","","","","","","",
"Dominica","DMA","Arms exports (SIPRI trend indicator values)","MS.MIL.XPRT.KD","","","","","","","","","","","","","","","","","","","","","","","","","","","","","","","","","","","","","","","","","","","","","","","","","","","","","","","","","","","","",
"Denmark","DNK","Arms exports (SIPRI trend indicator values)","MS.MIL.XPRT.KD","20000000","","","","60000000","20000000","","131000000","28000000","3000000","","","","","","23000000","","","","","18000000","29000000","64000000","115000000","","","","117000000","40000000","","72000000","10000000","","183000000","272000000","16000000","","","1000000","6000000","20000000","1000000","10000000","5000000","","","9000000","6000000","17000000","14000000","8000000","30000000","33000000","9000000","17000000","25000000","26000000","20000000","27000000","",
"Dominican Republic","DOM","Arms exports (SIPRI trend indicator values)","MS.MIL.XPRT.KD","","","","","","","","","","","","","","","","","","","","","","","","","","","","","","","","","","","","","","","","","","","","","","","","","","","","","","","","","","4000000","","",
"Algeria","DZA","Arms exports (SIPRI trend indicator values)","MS.MIL.XPRT.KD","","","","","","","","","6000000","","","","","","","","","","","","6000000","","","","","","","","","","","","","","","","","","","","","","","","","","","","","","","","","","","","0","","","",
"East Asia & Pacific (excluding high income)","EAP","Arms exports (SIPRI trend indicator values)","MS.MIL.XPRT.KD","285000000","35000000","51000000","18000000","67000000","386000000","619000000","410000000","730000000","657000000","905000000","","","","","","","","","","","","","","","","","","","","","","","","","1076000000","","","","447000000","","","","841000000","492000000","314000000","803000000","533000000","665000000","1166000000","1483000000","1260000000","1515000000","2062000000","1176000000","1845000000","2448000000","1323000000","1055000000","",
"Early-demographic dividend","EAR","Arms exports (SIPRI trend indicator values)","MS.MIL.XPRT.KD","27000000","33000000","","","","","","58000000","","70000000","","","164000000","","","","","","","","","","","","","","","","","","","","","","","","","","","","","","","","","","","","","","","","","","","","","","","",
"East Asia & Pacific","EAS","Arms exports (SIPRI trend indicator values)","MS.MIL.XPRT.KD","286000000","98000000","155000000","26000000","81000000","","","423000000","","","","","","","","","","","","791000000","","","","","","","","","","1309000000","1255000000","","","","","","1047000000","608000000","","","","","","","","","","","","","","","","","","","","2180000000","","",
"Europe & Central Asia (excluding high income)","ECA","Arms exports (SIPRI trend indicator values)","MS.MIL.XPRT.KD","","","","","","","","","","","","6000000","9000000","9000000","1000000","","","","27000000","44000000","","","","105000000","","","","","","","","","","","1833000000","4145000000","4016000000","4488000000","2861000000","5906000000","5184000000","5931000000","6315000000","5998000000","6691000000","5707000000","5935000000","6443000000","7054000000","5755000000","7187000000","9681000000","10252000000","9171000000","6290000000","6761000000","7786000000","6373000000","7060000000","",
"Europe & Central Asia","ECS","Arms exports (SIPRI trend indicator values)","MS.MIL.XPRT.KD","3959000000","3036000000","3216000000","3503000000","4518000000","4249000000","4982000000","5481000000","4826000000","4988000000","4919000000","7425000000","7300000000","6698000000","6703000000","7842000000","7955000000","8357000000","8978000000","8882000000","10037000000","12122000000","11560000000","11152000000","11373000000","9689000000","8259000000","8584000000","8493000000","9200000000","7288000000","7072000000","8129000000","9366000000","9356000000","9947000000","11384000000","13283000000","11165000000","12867000000","10839000000","11555000000","11243000000","11617000000","12649000000","13283000000","15253000000","16827000000","15451000000","14512000000","14355000000","18153000000","16300000000","16159000000","14783000000","15093000000","16509000000","15401000000","13671000000","",
"Ecuador","ECU","Arms exports (SIPRI trend indicator values)","MS.MIL.XPRT.KD","","","","","","","","","","","","","","","","","","","","","","","","","","","","","","","","","","","","","","","","","","","","","","","","","","","","","","","6000000","","","","2000000","",
"Egypt, Arab Rep.","EGY","Arms exports (SIPRI trend indicator values)","MS.MIL.XPRT.KD","","0","7000000","8000000","2000000","","13000000","3000000","26000000","15000000","39000000","","","","","16000000","","69000000","80000000","13000000","29000000","77000000","81000000","71000000","37000000","5000000","19000000","61000000","65000000","63000000","20000000","","13000000","22000000","15000000","9000000","5000000","5000000","","","","","","","","","","","","","","","","","7000000","22000000","","","","",
"Euro area","EMU","Arms exports (SIPRI trend indicator values)","MS.MIL.XPRT.KD","1269000000","1312000000","1489000000","1690000000","2348000000","1943000000","2801000000","2591000000","2640000000","2680000000","3484000000","4401000000","4444000000","3657000000","3961000000","4651000000","4557000000","5526000000","6150000000","6288000000","7301000000","8422000000","8078000000","7838000000","7842000000","6744000000","5211000000","4033000000","4714000000","4760000000","4461000000","4629000000","3412000000","3573000000","4914000000","3631000000","4995000000","6100000000","6316000000","4796000000","3330000000","2920000000","3249000000","3915000000","4090000000","5556000000","7287000000","8490000000","6260000000","6775000000","4905000000","6200000000","4177000000","4411000000","5940000000","6120000000","6571000000","7236000000","5317000000","",
"Eritrea","ERI","Arms exports (SIPRI trend indicator values)","MS.MIL.XPRT.KD","","","","","","","","","","","","","","","","","","","","","","","","","","","","","","","","","","","","","","","2000000","0","","","","","","","0","","","","","","","","","","","","","",
"Spain","ESP","Arms exports (SIPRI trend indicator values)","MS.MIL.XPRT.KD","1000000","5000000","6000000","6000000","7000000","21000000","21000000","7000000","7000000","6000000","70000000","140000000","4000000","4000000","84000000","267000000","46000000","25000000","38000000","18000000","10000000","130000000","251000000","352000000","242000000","85000000","177000000","148000000","141000000","174000000","108000000","100000000","65000000","98000000","237000000","82000000","105000000","625000000","162000000","43000000","46000000","8000000","16000000","95000000","52000000","108000000","840000000","601000000","602000000","951000000","263000000","1429000000","546000000","728000000","1050000000","1163000000","471000000","820000000","1188000000","",
"Estonia","EST","Arms exports (SIPRI trend indicator values)","MS.MIL.XPRT.KD","","","","","","","","","","","","","","","","","","","","","","","","","","","","","","","","","","","","","8000000","","","","","","","","","","","","","","","","","","","0","","","","",
"Ethiopia","ETH","Arms exports (SIPRI trend indicator values)","MS.MIL.XPRT.KD","","","","","","","","","","","","","","","","","","","","","","","","","","35000000","","51000000","","","","","","","","","","17000000","","","","","","","","","","","","","","","","","","","","","","",
"European Union","EUU","Arms exports (SIPRI trend indicator values)","MS.MIL.XPRT.KD","1332000000","1362000000","1545000000","1814000000","2667000000","2229000000","3194000000","3104000000","3053000000","3070000000","4014000000","5231000000","4871000000","3883000000","4277000000","5103000000","5033000000","5961000000","6548000000","6824000000","7736000000","8987000000","8573000000","8294000000","8329000000","7182000000","5927000000","4640000000","5553000000","5213000000","4882000000","4897000000","3647000000","4126000000","5831000000","4177000000","5541000000","6291000000","6719000000","5498000000","3846000000","3998000000","3609000000","4648000000","4451000000","6347000000","8023000000","9075000000","6838000000","7312000000","5607000000","6942000000","4839000000","5158000000","6356000000","6550000000","7080000000","7486000000","5570000000","",
"Fragile and conflict affected situations","FCS","Arms exports (SIPRI trend indicator values)","MS.MIL.XPRT.KD","3000000","","","","3000000","","","2000000","","","17000000","1000000","","","","","","","","","123000000","","346000000","60000000","55000000","","","","","","","","","","","","","","","","","","","","","","","","","","","","","","","","","","","",
"Finland","FIN","Arms exports (SIPRI trend indicator values)","MS.MIL.XPRT.KD","60000000","1000000","1000000","","","1000000","86000000","33000000","33000000","33000000","2000000","39000000","30000000","","63000000","63000000","","","63000000","63000000","","","20000000","","","","","","1000000","","","22000000","11000000","17000000","26000000","26000000","9000000","10000000","34000000","28000000","12000000","33000000","34000000","40000000","34000000","51000000","137000000","77000000","79000000","51000000","60000000","40000000","102000000","75000000","91000000","19000000","62000000","58000000","68000000","",
"Fiji","FJI","Arms exports (SIPRI trend indicator values)","MS.MIL.XPRT.KD","","","","","","","","","","","","","","","","","","","","","","","","","10000000","","","","","","","","","","","","","","","","","","","","","","","","","","","","","","","","","","","",
"France","FRA","Arms exports (SIPRI trend indicator values)","MS.MIL.XPRT.KD","909000000","941000000","974000000","1232000000","1417000000","1196000000","1646000000","1533000000","1483000000","1460000000","1692000000","2298000000","2603000000","2875000000","2096000000","2189000000","2006000000","2677000000","3296000000","3009000000","3847000000","3786000000","3828000000","3458000000","3004000000","4021000000","3023000000","1800000000","1994000000","2289000000","1801000000","1200000000","1241000000","979000000","902000000","1022000000","1942000000","3278000000","3168000000","1818000000","1081000000","1416000000","1433000000","1400000000","2283000000","1801000000","1665000000","2369000000","1966000000","1888000000","865000000","1731000000","1009000000","1469000000","1643000000","2017000000","2218000000","2302000000","1768000000","",
"Faroe Islands","FRO","Arms exports (SIPRI trend indicator values)","MS.MIL.XPRT.KD","","","","","","","","","","","","","","","","","","","","","","","","","","","","","","","","","","","","","","","","","","","","","","","","","","","","","","","","","","","","",
"Micronesia, Fed. Sts.","FSM","Arms exports (SIPRI trend indicator values)","MS.MIL.XPRT.KD","","","","","","","","","","","","","","","","","","","","","","","","","","","","","","","","","","","","","","","","","","","","","","","","","","","","","","","","","","","","",
"Gabon","GAB","Arms exports (SIPRI trend indicator values)","MS.MIL.XPRT.KD","","","","","","","","","","","","","","1000000","","","","","","","","","","","","","","","","","","","","","","","","","","","","","","","","","","","","","","","","","","","","","","",
"United Kingdom","GBR","Arms exports (SIPRI trend indicator values)","MS.MIL.XPRT.KD","2147000000","1174000000","1116000000","1297000000","1405000000","1471000000","1341000000","1976000000","1617000000","1761000000","887000000","2144000000","2364000000","2751000000","2337000000","2336000000","2434000000","2128000000","2141000000","1451000000","1638000000","2333000000","2521000000","2509000000","2532000000","2121000000","1966000000","3587000000","2554000000","3549000000","1867000000","1523000000","1180000000","1421000000","1539000000","1475000000","1662000000","2384000000","1412000000","1368000000","1633000000","1387000000","1100000000","754000000","1216000000","1060000000","997000000","984000000","987000000","1080000000","1157000000","1055000000","929000000","1610000000","1651000000","1179000000","1367000000","1235000000","741000000","",
"Georgia","GEO","Arms exports (SIPRI trend indicator values)","MS.MIL.XPRT.KD","","","","","","","","","","","","","","","","","","","","","","","","","","","","","","","","","","","","","","","","46000000","69000000","","69000000","","16000000","","","","","","","","","","","","6000000","7000000","","",
"Ghana","GHA","Arms exports (SIPRI trend indicator values)","MS.MIL.XPRT.KD","","","","","","","","","","","","","","","","","","","","6000000","","","","","","","","","","","","","","","","","","","","","","","","","","19000000","","","","","","","","","","","","","","",
"Gibraltar","GIB","Arms exports (SIPRI trend indicator values)","MS.MIL.XPRT.KD","","","","","","","","","","","","","","","","","","","","","","","","","","","","","","","","","","","","","","","","","","","","","","","","","","","","","","","","","","","","",
"Guinea","GIN","Arms exports (SIPRI trend indicator values)","MS.MIL.XPRT.KD","","","","","","","","","","","","","","","","","","","","","","","","","","","","","","","","","","","","","","","","","","","","","","","","","","","","","","","","","","","","",
"Gambia, The","GMB","Arms exports (SIPRI trend indicator values)","MS.MIL.XPRT.KD","","","","","","","","","","","","","","","","","","","","","","","","","","","","","","","","","","","","","","","","","","","","","","","","","","","","","","","","","","","","",
"Guinea-Bissau","GNB","Arms exports (SIPRI trend indicator values)","MS.MIL.XPRT.KD","","","","","","","","","","","","","","","","","","","","","","","","","","","","","","","","","","","","","","","","","","","","","","","","","","","","","","","","","","","","",
"Equatorial Guinea","GNQ","Arms exports (SIPRI trend indicator values)","MS.MIL.XPRT.KD","","","","","","","","","","","","","","","","","","","","","","","","","","","","","","","","","","","","","","","","","","","","","","","","","","","","","","","","","","","","",
"Greece","GRC","Arms exports (SIPRI trend indicator values)","MS.MIL.XPRT.KD","","","","","7000000","1000000","","","","","","","","","","","","","","","","","","","","","","","","","","","15000000","10000000","18000000","","19000000","31000000","9000000","3000000","2000000","2000000","","6000000","22000000","13000000","23000000","","","","","","","","","","","30000000","","",
"Grenada","GRD","Arms exports (SIPRI trend indicator values)","MS.MIL.XPRT.KD","","","","","","","","","","","","","","","","","","","","","","","","","","","","","","","","","","","","","","","","","","","","","","","","","","","","","","","","","","","","",
"Greenland","GRL","Arms exports (SIPRI trend indicator values)","MS.MIL.XPRT.KD","","","","","","","","","","","","","","","","","","","","","","","","","","","","","","","","","","","","","","","","","","","","","","","","","","","","","","","","","","","","",
"Guatemala","GTM","Arms exports (SIPRI trend indicator values)","MS.MIL.XPRT.KD","","","","","","","","","","","","","","","","","","","","","","","","","","","","","","","","","","","","","","","","","","","","","","","","","","","","","","","","","","","","",
"Guam","GUM","Arms exports (SIPRI trend indicator values)","MS.MIL.XPRT.KD","","","","","","","","","","","","","","","","","","","","","","","","","","","","","","","","","","","","","","","","","","","","","","","","","","","","","","","","","","","","",
"Guyana","GUY","Arms exports (SIPRI trend indicator values)","MS.MIL.XPRT.KD","","","","","","","","","","","","","","","","","2000000","","","","","","","","","","","","","","","","","","","","","","","","","","","","","","","","","","","","","","","","","","","",
"High income","HIC","Arms exports (SIPRI trend indicator values)","MS.MIL.XPRT.KD","10073000000","9743000000","9446000000","12669000000","17025000000","15525000000","13507000000","12823000000","13497000000","17011000000","14162000000","19506000000","18747000000","18973000000","19778000000","23956000000","24113000000","23197000000","23496000000","19161000000","21438000000","26235000000","26090000000","25612000000","23789000000","20820000000","20653000000","21391000000","20642000000","20988000000","18506000000","20102000000","20030000000","20474000000","19741000000","17690000000","18969000000","23815000000","24454000000","18786000000","13733000000","12116000000","10686000000","12111000000","13844000000","15262000000","17692000000","19451000000","16052000000","16999000000","16516000000","18943000000","16344000000","15677000000","19044000000","19707000000","21009000000","23798000000","19156000000","",
"Hong Kong SAR, China","HKG","Arms exports (SIPRI trend indicator values)","MS.MIL.XPRT.KD","","","","","","","","","","","","","","","","","","","","","","","","","","","","","","","","","","","","","","","","","","","","","","","","","","","","","","","","","","","","",
"Honduras","HND","Arms exports (SIPRI trend indicator values)","MS.MIL.XPRT.KD","","","","","","","","","","","","","","","","","","","","","","","","","","","","","","","","","","","","","","","","","","","","","","","","","","","","","","","","","","","","",
"Heavily indebted poor countries (HIPC)","HPC","Arms exports (SIPRI trend indicator values)","MS.MIL.XPRT.KD","","","","","","","","1000000","","","","1000000","","","","","","","","","","","","","","","","","","","","","","","","","","","","","","","","","","","","","","","","","","","","","","","","",
"Croatia","HRV","Arms exports (SIPRI trend indicator values)","MS.MIL.XPRT.KD","","","","","","","","","","","","","","","","","","","","","","","","","","","","","","","","","","","","","","","","","2000000","","","","","","","","","","","","","","","","","3000000","","",
"Haiti","HTI","Arms exports (SIPRI trend indicator values)","MS.MIL.XPRT.KD","","","","","","","","","","","","","","","","","","","","","","","","","","","","","","","","","","","","","","","","","","","","","","","","","","","","","","","","","","","","",
"Hungary","HUN","Arms exports (SIPRI trend indicator values)","MS.MIL.XPRT.KD","","","","","","","18000000","18000000","37000000","28000000","","","8000000","44000000","8000000","8000000","","","","","4000000","30000000","4000000","4000000","","","","","","","","","","21000000","","6000000","","24000000","","","","","34000000","","","82000000","","9000000","","","","","","41000000","","","","","","",
"IBRD only","IBD","Arms exports (SIPRI trend indicator values)","MS.MIL.XPRT.KD","328000000","85000000","","","","","","755000000","","1035000000","","","","","","","","","","","","","","","","","","","","","","","","","","5366000000","","","","","","","","","7364000000","","7345000000","","8154000000","7059000000","","10921000000","","11569000000","7826000000","","10411000000","8029000000","8444000000","",
"IDA & IBRD total","IBT","Arms exports (SIPRI trend indicator values)","MS.MIL.XPRT.KD","328000000","85000000","","","","","","762000000","","1035000000","","","","","","","","","","","","","","","","","","","","","","","","","","","","","","","","","","","","","7373000000","","","","","","","","7826000000","","10489000000","8037000000","","",
"IDA total","IDA","Arms exports (SIPRI trend indicator values)","MS.MIL.XPRT.KD","","","","","3000000","","","7000000","","","17000000","","","","","","","","","","","","","","","","","","","","","","","","","","","","","","","","","","","","","","","","","","","","","","","","","",
"IDA blend","IDB","Arms exports (SIPRI trend indicator values)","MS.MIL.XPRT.KD","","","","","3000000","","","6000000","","","","3000000","","","","","","","","","","","","","","","","","","","","","","","","","","","","","","","","","","","","","","","","","","","","","","","","",
"Indonesia","IDN","Arms exports (SIPRI trend indicator values)","MS.MIL.XPRT.KD","","","","7000000","","","","","","","12000000","","","","","","","","9000000","","4000000","","","","","8000000","4000000","","","","","","","16000000","16000000","25000000","","8000000","","49000000","","16000000","49000000","","25000000","8000000","8000000","","1000000","","","8000000","","","","","86000000","94000000","15000000","",
"IDA only","IDX","Arms exports (SIPRI trend indicator values)","MS.MIL.XPRT.KD","","","","","","","","1000000","","","17000000","","","","","","","","","","","","","","","","","","","","","","","","","","","","","","","","","","","","","","","","","","","","","","","","","",
"Isle of Man","IMN","Arms exports (SIPRI trend indicator values)","MS.MIL.XPRT.KD","","","","","","","","","","","","","","","","","","","","","","","","","","","","","","","","","","","","","","","","","","","","","","","","","","","","","","","","","","","","",
"India","IND","Arms exports (SIPRI trend indicator values)","MS.MIL.XPRT.KD","","","","","","","","","1000000","","","7000000","2000000","21000000","24000000","31000000","","","27000000","22000000","","","2000000","","","","","0","1000000","0","3000000","0","3000000","9000000","2000000","2000000","0","0","0","0","21000000","2000000","0","4000000","27000000","19000000","33000000","23000000","15000000","27000000","5000000","3000000","","14000000","36000000","42000000","37000000","56000000","46000000","",
"Not classified","INX","Arms exports (SIPRI trend indicator values)","MS.MIL.XPRT.KD","","","","","","","","","","","","","","","","","","","","","","","","","","","","","","","","","","","","","","","","","","","","","","","","","","","","","","","","","","","","",
"Ireland","IRL","Arms exports (SIPRI trend indicator values)","MS.MIL.XPRT.KD","","","","","","","","","","","","","","","","","","","2000000","9000000","9000000","2000000","","","","","","","","","","","","","","","","","","","","","","","","15000000","30000000","29000000","26000000","26000000","25000000","1000000","25000000","26000000","13000000","","","","","",
"Iran, Islamic Rep.","IRN","Arms exports (SIPRI trend indicator values)","MS.MIL.XPRT.KD","","","3000000","","","","","28000000","","","23000000","6000000","106000000","6000000","129000000","81000000","","","","","0","0","0","0","1000000","1000000","1000000","1000000","1000000","1000000","0","1000000","1000000","1000000","0","1000000","2000000","0","0","0","0","0","3000000","9000000","1000000","2000000","75000000","","43000000","45000000","45000000","86000000","21000000","12000000","47000000","15000000","5000000","20000000","","",
"Iraq","IRQ","Arms exports (SIPRI trend indicator values)","MS.MIL.XPRT.KD","3000000","","","","","","","","","","","","","","","","","","","","28000000","","","","","","","","168000000","20000000","","","","","","","","","","","","","","","","","","","","","","","","","","","","","","",
"Iceland","ISL","Arms exports (SIPRI trend indicator values)","MS.MIL.XPRT.KD","","","","","","","","","","","","","","","","","","","","","0","","","","","","","","","","","","","5000000","","","","","","","","","","","","","","","","","","","","","","","","","","",
"Israel","ISR","Arms exports (SIPRI trend indicator values)","MS.MIL.XPRT.KD","","","","","5000000","10000000","14000000","13000000","23000000","24000000","13000000","21000000","31000000","13000000","45000000","109000000","54000000","202000000","212000000","190000000","270000000","219000000","256000000","418000000","281000000","208000000","352000000","137000000","75000000","211000000","85000000","151000000","324000000","382000000","296000000","166000000","286000000","247000000","229000000","169000000","404000000","469000000","574000000","409000000","609000000","510000000","406000000","544000000","383000000","758000000","654000000","538000000","455000000","420000000","393000000","721000000","1441000000","1254000000","707000000","",
"Italy","ITA","Arms exports (SIPRI trend indicator values)","MS.MIL.XPRT.KD","104000000","245000000","261000000","240000000","385000000","295000000","243000000","149000000","192000000","325000000","280000000","395000000","296000000","341000000","417000000","526000000","529000000","505000000","691000000","1303000000","1168000000","1715000000","1689000000","1183000000","1258000000","920000000","228000000","617000000","386000000","335000000","206000000","349000000","248000000","341000000","208000000","297000000","291000000","454000000","426000000","504000000","208000000","256000000","478000000","365000000","263000000","832000000","553000000","749000000","422000000","512000000","539000000","947000000","747000000","862000000","671000000","664000000","619000000","802000000","611000000","",
"Jamaica","JAM","Arms exports (SIPRI trend indicator values)","MS.MIL.XPRT.KD","","","","","","","","","","","","","","","","","","","","","","","","","","","","","","","","","","","","","","","","","","","","","","","","","","","","","","","","","","","","",
"Jordan","JOR","Arms exports (SIPRI trend indicator values)","MS.MIL.XPRT.KD","","","","","","","","","","","","36000000","","22000000","23000000","50000000","","18000000","","","","","","76000000","","2000000","7000000","","7000000","64000000","","","","","65000000","","","6000000","","","","","","","42000000","20000000","","13000000","13000000","28000000","117000000","","21000000","25000000","114000000","16000000","17000000","80000000","","",
"Japan","JPN","Arms exports (SIPRI trend indicator values)","MS.MIL.XPRT.KD","1000000","61000000","100000000","8000000","14000000","","5000000","","","34000000","","15000000","8000000","34000000","53000000","","","","9000000","11000000","167000000","","","17000000","17000000","44000000","99000000","","","15000000","30000000","68000000","126000000","153000000","162000000","158000000","188000000","32000000","","","","","","","","","","40000000","","","","","","","","","","2000000","3000000","",
"Kazakhstan","KAZ","Arms exports (SIPRI trend indicator values)","MS.MIL.XPRT.KD","","","","","","","","","","","","","","","","","","","","","","","","","","","","","","","","","","","","13000000","12000000","3000000","6000000","183000000","19000000","12000000","","","5000000","","6000000","","","","","","","","","","","","","",
"Kenya","KEN","Arms exports (SIPRI trend indicator values)","MS.MIL.XPRT.KD","","","","","","","","","","","","","","","","","","","","","","8000000","","","","","","","","","","2000000","","2000000","","","","","","","","","","","","","","","","","","","","","","","","","","",
"Kyrgyz Republic","KGZ","Arms exports (SIPRI trend indicator values)","MS.MIL.XPRT.KD","","","","","","","","","","","","","","","","","","","","","","","","","","","","","","","","","","","","57000000","","","","","","","","92000000","","","18000000","18000000","14000000","","","","","","","4000000","5000000","5000000","","",
"Cambodia","KHM","Arms exports (SIPRI trend indicator values)","MS.MIL.XPRT.KD","","","","","","","","","","","","","","","","","","","","","","","","","","","","","","","","","","0","0","0","","","","","1000000","","","","","","","","","","","","","","","","","","","",
"Kiribati","KIR","Arms exports (SIPRI trend indicator values)","MS.MIL.XPRT.KD","","","","","","","","","","","","","","","","","","","","","","","","","","","","","","","","","","","","","","","","","","","","","","","","","","","","","","","","","","","","",
"St. Kitts and Nevis","KNA","Arms exports (SIPRI trend indicator values)","MS.MIL.XPRT.KD","","","","","","","","","","","","","","","","","","","","","","","","","","","","","","","","","","","","","","","","","","","","","","","","","","","","","","","","","","","","",
"Korea, Rep.","KOR","Arms exports (SIPRI trend indicator values)","MS.MIL.XPRT.KD","","","","","","","","","","","","","141000000","","","","","","","105000000","105000000","130000000","65000000","","126000000","33000000","78000000","","51000000","48000000","72000000","118000000","","60000000","7000000","27000000","24000000","21000000","32000000","","10000000","228000000","","96000000","73000000","108000000","158000000","279000000","109000000","224000000","197000000","345000000","218000000","347000000","163000000","101000000","479000000","751000000","1083000000","",
"Kuwait","KWT","Arms exports (SIPRI trend indicator values)","MS.MIL.XPRT.KD","","","","","","","","3000000","","","","","","","","","","","","","24000000","","","","4000000","","","","","","","","","","","","","","95000000","","","","","","","","","","","","","","","","","","","","","",
"Latin America & Caribbean (excluding high income)","LAC","Arms exports (SIPRI trend indicator values)","MS.MIL.XPRT.KD","2000000","12000000","6000000","","4000000","","","","","","","","","","","73000000","","","","","","","","","","","","","","","","","","","","","","","","","","","","","","","","","","","","","","","","","","","","",
"Lao PDR","LAO","Arms exports (SIPRI trend indicator values)","MS.MIL.XPRT.KD","","","","","","","","","","","","","","","","","","","","","","","","","","","","","","","","","","","","","","","","","","","","","","","","","","","","","","","","","","","","",
"Lebanon","LBN","Arms exports (SIPRI trend indicator values)","MS.MIL.XPRT.KD","","","","","","","","1000000","","","","","","","","","","","","","","","","","","","","","","","","1000000","","","","","","","","","","","45000000","","","","","","","","","","","","","","","","","",
"Liberia","LBR","Arms exports (SIPRI trend indicator values)","MS.MIL.XPRT.KD","","","","","","","","","","","","","","","","","","","","","","","","","","","","","","","","","","","","","","","","","","","","","","","","","","","","","","","","","","","","",
"Libya","LBY","Arms exports (SIPRI trend indicator values)","MS.MIL.XPRT.KD","","","","","","","","","","","","","0","0","","26000000","4000000","","8000000","398000000","95000000","107000000","168000000","14000000","54000000","32000000","10000000","14000000","64000000","7000000","36000000","","","","3000000","","","3000000","10000000","","","","21000000","16000000","113000000","113000000","18000000","10000000","18000000","32000000","28000000","0","","","","","","","","",
"St. Lucia","LCA","Arms exports (SIPRI trend indicator values)","MS.MIL.XPRT.KD","","","","","","","","","","","","","","","","","","","","","","","","","","","","","","","","","","","","","","","","","","","","","","","","","","","","","","","","","","","","",
"Latin America & Caribbean","LCN","Arms exports (SIPRI trend indicator values)","MS.MIL.XPRT.KD","8000000","12000000","6000000","","4000000","","","","","","","","","","","73000000","","","","","","","","","","","","","","","","","","","","","","","","","","","","","","","","","","","","","","","","","","","","",
"Least developed countries: UN classification","LDC","Arms exports (SIPRI trend indicator values)","MS.MIL.XPRT.KD","","","","","","","","1000000","","","","","","","","","","","","","","","","","","","","","","","","","","","","","","","","","","","","","","","","","","","","","","","","","","","","",
"Low income","LIC","Arms exports (SIPRI trend indicator values)","MS.MIL.XPRT.KD","","","","","","","","","","","17000000","","","","","","","","","","","","","","","","","","","","","","","","","","","","","","","","","","","","","","","","","","","","","","","","","",
"Liechtenstein","LIE","Arms exports (SIPRI trend indicator values)","MS.MIL.XPRT.KD","","","","","","","","","","","","","","","","","","","","","","","","","","","","","","","","","","","","","","","","","","","","","","","","","","","","","","","","","","","","",
"Sri Lanka","LKA","Arms exports (SIPRI trend indicator values)","MS.MIL.XPRT.KD","","","","","","","","","","","","","","","","","","","","","","","","","","","","","","","","","","","","","","","8000000","","","","","","","","","","","","","","","","","","","","","",
"Lower middle income","LMC","Arms exports (SIPRI trend indicator values)","MS.MIL.XPRT.KD","","","9000000","15000000","5000000","","13000000","10000000","27000000","21000000","51000000","11000000","2000000","21000000","","","","","","","","","","","","","","","","","","","","","","","","","","","","","","","","","","","","","","","","","","","","","","",
"Low & middle income","LMY","Arms exports (SIPRI trend indicator values)","MS.MIL.XPRT.KD","317000000","80000000","","","","","","453000000","","712000000","","","","","","","","","","","","","","","","","","","","","","","","","","","","","","","","","","","7499000000","","7111000000","","","","","","","","","","10484000000","8019000000","","",
"Lesotho","LSO","Arms exports (SIPRI trend indicator values)","MS.MIL.XPRT.KD","","","","","","","","","","","","","","","","","","","","","","","","","","","","","","","","","","","","","","","","","","","","","","","","","","","","","","","","","","","","",
"Late-demographic dividend","LTE","Arms exports (SIPRI trend indicator values)","MS.MIL.XPRT.KD","298000000","52000000","65000000","122000000","304000000","620000000","938000000","723000000","","","","","","841000000","","","","","","","","","","","","","","","","","","","","","","5352000000","","","","","","","","","6909000000","5602000000","6451000000","6517000000","7286000000","6337000000","7976000000","10024000000","10203000000","10428000000","6753000000","","9319000000","7188000000","","",
"Lithuania","LTU","Arms exports (SIPRI trend indicator values)","MS.MIL.XPRT.KD","","","","","","","","","","","","","","","","","","","","","","","","","","","","","","","","","","","","","","","","","","","3000000","","","","","","","","","","","","","","","","","",
"Luxembourg","LUX","Arms exports (SIPRI trend indicator values)","MS.MIL.XPRT.KD","","","","","","","","","","","","","","","","","","","","","","","","","","","","","","","","","","","","","","","","","","","","","","","","0","","","","","","","","","","","","",
"Latvia","LVA","Arms exports (SIPRI trend indicator values)","MS.MIL.XPRT.KD","","","","","","","","","","","","","","","","","","","","","","","","","","","","","","","","","","","9000000","","","","","","","","","","","","","","","","","","","","","","","","","",
"Macao SAR, China","MAC","Arms exports (SIPRI trend indicator values)","MS.MIL.XPRT.KD","","","","","","","","","","","","","","","","","","","","","","","","","","","","","","","","","","","","","","","","","","","","","","","","","","","","","","","","","","","","",
"St. Martin (French part)","MAF","Arms exports (SIPRI trend indicator values)","MS.MIL.XPRT.KD","","","","","","","","","","","","","","","","","","","","","","","","","","","","","","","","","","","","","","","","","","","","","","","","","","","","","","","","","","","","",
"Morocco","MAR","Arms exports (SIPRI trend indicator values)","MS.MIL.XPRT.KD","","","2000000","","","","","","","6000000","","","","","","","","","6000000","","","","","","","","","","","","","","","","","","","","","","","","","","","","","","","","","","","","","","","","","",
"Monaco","MCO","Arms exports (SIPRI trend indicator values)","MS.MIL.XPRT.KD","","","","","","","","","","","","","","","","","","","","","","","","","","","","","","","","","","","","","","","","","","","","","","","","","","","","","","","","","","","","",
"Moldova","MDA","Arms exports (SIPRI trend indicator values)","MS.MIL.XPRT.KD","","","","","","","","","","","","","","","","","","","","","","","","","","","","","","","","","11000000","","36000000","","","217000000","","","6000000","42000000","60000000","13000000","","18000000","3000000","19000000","29000000","20000000","","11000000","","","","","","","","",
"Madagascar","MDG","Arms exports (SIPRI trend indicator values)","MS.MIL.XPRT.KD","","","","","","","","","","","","","","","","","","","","","","","","","","","","","","","","","","","","","","","","","","","","","","","","","","","","","","","","","","","","",
"Maldives","MDV","Arms exports (SIPRI trend indicator values)","MS.MIL.XPRT.KD","","","","","","","","","","","","","","","","","","","","","","","","","","","","","","","","","","","","","","","","","","","","","","","","","","","","","","","","","","","","",
"Middle East & North Africa","MEA","Arms exports (SIPRI trend indicator values)","MS.MIL.XPRT.KD","","","12000000","8000000","7000000","10000000","27000000","52000000","58000000","45000000","92000000","","139000000","","","","","","","","","436000000","","","381000000","","","","","","","","","497000000","","","","","","","","","","","","","","","","","","","","","","","","","","",
"Mexico","MEX","Arms exports (SIPRI trend indicator values)","MS.MIL.XPRT.KD","","","","","","","","","","","","","","","","","","","","","","","","","","","","","","","","","","","","","","","","","","","","","","","","","","","","","","","","","","","","",
"Marshall Islands","MHL","Arms exports (SIPRI trend indicator values)","MS.MIL.XPRT.KD","","","","","","","","","","","","","","","","","","","","","","","","","","","","","","","","","","","","","","","","","","","","","","","","","","","","","","","","","","","","",
"Middle income","MIC","Arms exports (SIPRI trend indicator values)","MS.MIL.XPRT.KD","317000000","80000000","","","","","","453000000","","712000000","","","","","","","","","","","","","","","","","","","","","","","","","","","","","","","","","","","7452000000","","7088000000","","","","","","","","7782000000","","10480000000","8019000000","","",
"North Macedonia","MKD","Arms exports (SIPRI trend indicator values)","MS.MIL.XPRT.KD","","","","","","","","","","","","","","","","","","","","","","","","","","","","","","","","","","","","","","","","","","","","","","","","","","","","","","","","","","","","",
"Mali","MLI","Arms exports (SIPRI trend indicator values)","MS.MIL.XPRT.KD","","","","","","","","","","","","","","","","","","","","","","","","","","","","","","","","","","","","","","","","","","","","","","","","","","","","","","","","","","","","",
"Malta","MLT","Arms exports (SIPRI trend indicator values)","MS.MIL.XPRT.KD","","","","","","","","","","","","","","","","","","","","","","","","","","","","","","","","","","","","","","","","","","","","","10000000","","","","","","","","","","","5000000","","","","",
"Myanmar","MMR","Arms exports (SIPRI trend indicator values)","MS.MIL.XPRT.KD","","","","","","","","","","","","","","","","","","","","","","","","","","","","","","","","","","","","","","","","","","","","","","","","","","","","","","","","","","","","",
"Middle East & North Africa (excluding high income)","MNA","Arms exports (SIPRI trend indicator values)","MS.MIL.XPRT.KD","3000000","","12000000","8000000","2000000","","13000000","32000000","32000000","21000000","79000000","42000000","","28000000","154000000","","","","","","158000000","","427000000","207000000","","","","","","","","","","","83000000","","","14000000","","","","","","","","","","","","","","","","","","","","","","",
"Montenegro","MNE","Arms exports (SIPRI trend indicator values)","MS.MIL.XPRT.KD","","","","","","","","","","","","","","","","","","","","","","","","","","","","","","","","","","","","","","","","","","","","","","","71000000","109000000","","","18000000","","","","","","","0","","",
"Mongolia","MNG","Arms exports (SIPRI trend indicator values)","MS.MIL.XPRT.KD","","","","","","","","","","","","","","","","","","","","","","","","","","","","","","","","","","","","","","","","","","","","","","","","","","","","","","","","","","","","",
"Northern Mariana Islands","MNP","Arms exports (SIPRI trend indicator values)","MS.MIL.XPRT.KD","","","","","","","","","","","","","","","","","","","","","","","","","","","","","","","","","","","","","","","","","","","","","","","","","","","","","","","","","","","","",
"Mozambique","MOZ","Arms exports (SIPRI trend indicator values)","MS.MIL.XPRT.KD","","","","","","","","","","","","","","","","","","1000000","","","","","","","","","","","","","","","","","","","","","","","","","","","","","","","","","","","","","","","","","","",
"Mauritania","MRT","Arms exports (SIPRI trend indicator values)","MS.MIL.XPRT.KD","","","","","","","","","","","","","","","","","","","","","","","","","","","","","","","","","","","","","","","","","","","","","","","","","","","","","","","","","","","","",
"Mauritius","MUS","Arms exports (SIPRI trend indicator values)","MS.MIL.XPRT.KD","","","","","","","","","","","","","","","","","","","","","","","","","","","","","","","","","","","","","","","","","","","","","","","","","","","","","","","","","","","","",
"Malawi","MWI","Arms exports (SIPRI trend indicator values)","MS.MIL.XPRT.KD","","","","","","","","","","","","","","","","","","","","","","","","","","","","","","","","","","","","","","","","","1000000","","","","","","","","","","","","","","","","","","","",
"Malaysia","MYS","Arms exports (SIPRI trend indicator values)","MS.MIL.XPRT.KD","","","","","","","","","","","","7000000","","","","","","","","","","","6000000","","","","","3000000","","","","","","","","0","","","","11000000","","","","","","","","","","0","","","","15000000","15000000","","","","","",
"North America","NAC","Arms exports (SIPRI trend indicator values)","MS.MIL.XPRT.KD","6107000000","6644000000","6126000000","9158000000","12488000000","11266000000","8506000000","7309000000","8644000000","11939000000","9213000000","12013000000","11114000000","12163000000","12873000000","15854000000","15991000000","14558000000","14273000000","9920000000","10891000000","13741000000","14274000000","14059000000","11995000000","10924000000","11934000000","12531000000","12028000000","11393000000","10834000000","12615000000","14254000000","13993000000","11684000000","11472000000","11029000000","14617000000","15765000000","11634000000","7650000000","5744000000","5131000000","5943000000","7123000000","7007000000","7759000000","8183000000","7038000000","7099000000","8318000000","9343000000","9356000000","7761000000","9803000000","10277000000","10075000000","12549000000","10592000000","",
"Namibia","NAM","Arms exports (SIPRI trend indicator values)","MS.MIL.XPRT.KD","","","","","","","","","","","","","","","","","","","","","","","","","","","","","","","","","","","","","","","","","","","","","","","","","","","","","","","","","","","","",
"New Caledonia","NCL","Arms exports (SIPRI trend indicator values)","MS.MIL.XPRT.KD","","","","","","","","","","","","","","","","","","","","","","","","","","","","","","","","","","","","","","","","","","","","","","","","","","","","","","","","","","","","",
"Niger","NER","Arms exports (SIPRI trend indicator values)","MS.MIL.XPRT.KD","","","","","","","","","","","","","","0","","","","","","","","","","","","","","","","","","","","","","","","","","","","","","","","","","","","","","","","","","","","","","",
"Nigeria","NGA","Arms exports (SIPRI trend indicator values)","MS.MIL.XPRT.KD","","","","","","","","","","","","","","","","","","","","","","","","","","","","","","2000000","3000000","","","","","","","","","","","","","","","","","","","","","","","","","","","","","",
"Nicaragua","NIC","Arms exports (SIPRI trend indicator values)","MS.MIL.XPRT.KD","","","","","","","","","","","","","","","","","","","","","","","","","","","","","","2000000","2000000","","72000000","17000000","","5000000","","","","","","","","","","","","","","","","","","","","","","","","",
"Netherlands","NLD","Arms exports (SIPRI trend indicator values)","MS.MIL.XPRT.KD","36000000","108000000","99000000","79000000","93000000","97000000","79000000","95000000","350000000","111000000","5000000","161000000","133000000","205000000","82000000","55000000","293000000","424000000","346000000","289000000","619000000","804000000","664000000","465000000","366000000","184000000","352000000","512000000","763000000","558000000","416000000","455000000","365000000","455000000","627000000","473000000","499000000","614000000","624000000","350000000","284000000","203000000","233000000","331000000","204000000","505000000","1146000000","1213000000","446000000","495000000","371000000","546000000","863000000","367000000","631000000","461000000","471000000","1132000000","369000000","",
"Norway","NOR","Arms exports (SIPRI trend indicator values)","MS.MIL.XPRT.KD","38000000","","25000000","55000000","67000000","65000000","80000000","140000000","65000000","53000000","","8000000","31000000","10000000","","8000000","8000000","8000000","93000000","161000000","158000000","278000000","68000000","35000000","","42000000","29000000","54000000","34000000","127000000","85000000","170000000","75000000","51000000","64000000","21000000","4000000","19000000","3000000","5000000","3000000","42000000","92000000","101000000","66000000","6000000","17000000","65000000","118000000","155000000","159000000","151000000","172000000","175000000","164000000","212000000","122000000","153000000","64000000","",
"Nepal","NPL","Arms exports (SIPRI trend indicator values)","MS.MIL.XPRT.KD","","","","","","","","","","","","","","","","","","","","","","","","","","","","","","","","","","","","","","","","","","","","","","","","","","","","","","","","","","","","",
"Nauru","NRU","Arms exports (SIPRI trend indicator values)","MS.MIL.XPRT.KD","","","","","","","","","","","","","","","","","","","","","","","","","","","","","","","","","","","","","","","","","","","","","","","","","","","","","","","","","","","","",
"New Zealand","NZL","Arms exports (SIPRI trend indicator values)","MS.MIL.XPRT.KD","","","","","","","","1000000","1000000","0","","","0","2000000","5000000","3000000","","","","","","1000000","2000000","","10000000","7000000","0","","","","","34000000","4000000","","3000000","","","","","1000000","1000000","","1000000","","1000000","0","","","","","","","75000000","","","1000000","6000000","4000000","6000000","",
"OECD members","OED","Arms exports (SIPRI trend indicator values)","MS.MIL.XPRT.KD","10067000000","9743000000","9446000000","12669000000","17025000000","15525000000","13507000000","12804000000","13494000000","17011000000","14162000000","19504000000","18591000000","18973000000","19770000000","23939000000","24113000000","23179000000","23466000000","19086000000","21437000000","26198000000","26090000000","25573000000","23691000000","20816000000","20648000000","21309000000","20617000000","20859000000","18454000000","20099000000","20027000000","20411000000","19711000000","17664000000","18907000000","23732000000","24339000000","18809000000","13738000000","12113000000","10708000000","12153000000","13794000000","15273000000","17737000000","19514000000","16163000000","16981000000","16524000000","18927000000","16340000000","15726000000","19158000000","19811000000","21173000000","23928000000","19404000000","",
"Oman","OMN","Arms exports (SIPRI trend indicator values)","MS.MIL.XPRT.KD","","","","","","","","","","","","","","","","","","5000000","","","","","","","","","5000000","","","","","","","","0","","","","","","","","","","","1000000","","","","","","","","","","","","7000000","","",
"Other small states","OSS","Arms exports (SIPRI trend indicator values)","MS.MIL.XPRT.KD","","","","","","","","","","","","","","","","","","","","","","","","","","","","","","","","","","","","","","","","","","","","","","","","","","","","","","","","","","","","",
"Pakistan","PAK","Arms exports (SIPRI trend indicator values)","MS.MIL.XPRT.KD","","","","","","","","6000000","","","","3000000","","","","","","","","","15000000","30000000","30000000","","","","","","","1000000","82000000","3000000","","","2000000","","","","","","3000000","1000000","9000000","8000000","9000000","24000000","4000000","","1000000","","","","","","","","1000000","3000000","2000000","",
"Panama","PAN","Arms exports (SIPRI trend indicator values)","MS.MIL.XPRT.KD","","","","","","","","","","","","","","","","","","","","2000000","","","","","","","","","","","","","","","","","","","","","","","","","","","","","","","","","","","","","","","","",
"Peru","PER","Arms exports (SIPRI trend indicator values)","MS.MIL.XPRT.KD","","","","","","","","","","","","","","","","","","","","","","","53000000","","","","","","","","","","","","","","","","","","","14000000","","","5000000","","","","","","","","","","","","","","","",
"Philippines","PHL","Arms exports (SIPRI trend indicator values)","MS.MIL.XPRT.KD","","","","","","","","","","","","","","","","","","","","","","","","","","","1000000","","","","","","","","","","","","","","","","","","","","","4000000","","","","","","","","","","","","",
"Palau","PLW","Arms exports (SIPRI trend indicator values)","MS.MIL.XPRT.KD","","","","","","","","","","","","","","","","","","","","","","","","","","","","","","","","","","","","","","","","","","","","","","","","","","","","","","","","","","","","",
"Papua New Guinea","PNG","Arms exports (SIPRI trend indicator values)","MS.MIL.XPRT.KD","","","","","","","","","","","","","","","","","","","","","","","","","","","","","","","","","","","","","","","","","","","","","","","","","","","","","","","","","","","","",
"Poland","POL","Arms exports (SIPRI trend indicator values)","MS.MIL.XPRT.KD","5000000","5000000","12000000","111000000","237000000","234000000","319000000","309000000","288000000","323000000","268000000","274000000","272000000","158000000","232000000","299000000","406000000","382000000","317000000","229000000","207000000","346000000","211000000","115000000","90000000","130000000","265000000","222000000","232000000","20000000","105000000","55000000","56000000","","131000000","175000000","46000000","21000000","1000000","64000000","47000000","81000000","56000000","81000000","47000000","18000000","282000000","163000000","73000000","75000000","28000000","8000000","24000000","142000000","24000000","3000000","5000000","15000000","21000000","",
"Pre-demographic dividend","PRE","Arms exports (SIPRI trend indicator values)","MS.MIL.XPRT.KD","3000000","","","","","","","1000000","","","","1000000","","","","","","","","","","","","","","","","","","","","","","","","","","","","","","","","","","","","","","","","","","","","","","","","",
"Puerto Rico","PRI","Arms exports (SIPRI trend indicator values)","MS.MIL.XPRT.KD","","","","","","","","","","","","","","","","","","","","","","","","","","","","","","","","","","","","","","","","","","","","","","","","","","","","","","","","","","","","",
"Korea, Dem. People’s Rep.","PRK","Arms exports (SIPRI trend indicator values)","MS.MIL.XPRT.KD","","","","","","","","","","","","","","","8000000","12000000","","","","20000000","29000000","5000000","148000000","250000000","88000000","57000000","65000000","212000000","189000000","58000000","4000000","113000000","131000000","137000000","24000000","41000000","47000000","47000000","81000000","55000000","58000000","73000000","162000000","134000000","47000000","20000000","20000000","20000000","20000000","26000000","5000000","","","","1000000","","","","","",
"Portugal","PRT","Arms exports (SIPRI trend indicator values)","MS.MIL.XPRT.KD","","","","","","","","2000000","","","","3000000","","5000000","11000000","105000000","21000000","","4000000","4000000","2000000","","","1000000","","","1000000","1000000","","71000000","","","","1000000","","","","","","","","","","","","","","","99000000","46000000","","0","0","","18000000","7000000","172000000","56000000","3000000","",
"Paraguay","PRY","Arms exports (SIPRI trend indicator values)","MS.MIL.XPRT.KD","","","","","","","","","","","","","","","","","","","","","","","","","","","","","","","","","","","","","","","","","","","","","","","","","","","","","","","","","","","","",
"West Bank and Gaza","PSE","Arms exports (SIPRI trend indicator values)","MS.MIL.XPRT.KD","","","","","","","","","","","","","","","","","","","","","","","","","","","","","","","","","","","","","","","","","","","","","","","","","","","","","","","","","","","","",
"Pacific island small states","PSS","Arms exports (SIPRI trend indicator values)","MS.MIL.XPRT.KD","","","","","","","","","","","","","","","","","","","","","","","","","","","","","","","","","","","","","","","","","","","","","","","","","","","","","","","","","","","","",
"Post-demographic dividend","PST","Arms exports (SIPRI trend indicator values)","MS.MIL.XPRT.KD","10062000000","9738000000","9434000000","12558000000","16783000000","15281000000","13174000000","12482000000","13183000000","16664000000","13881000000","19211000000","18288000000","18802000000","19493000000","23549000000","23653000000","22595000000","22977000000","18740000000","20936000000","25635000000","25623000000","25068000000","23411000000","20478000000","20134000000","21028000000","20331000000","20716000000","18314000000","19935000000","19830000000","19980000000","19559000000","17398000000","18882000000","24360000000","24927000000","19769000000","13808000000","12075000000","10437000000","12027000000","13376000000","15137000000","17509000000","19349000000","16082000000","16580000000","16417000000","18988000000","17341000000","15946000000","19217000000","19399000000","20125000000","22768000000","18587000000","",
"French Polynesia","PYF","Arms exports (SIPRI trend indicator values)","MS.MIL.XPRT.KD","","","","","","","","","","","","","","","","","","","","","","","","","","","","","","","","","","","","","","","","","","","","","","","","","","","","","","","","","","","","",
"Qatar","QAT","Arms exports (SIPRI trend indicator values)","MS.MIL.XPRT.KD","","","","","","","","","","","","","","","","","","","","","","","","","","","","","","","","","","40000000","","","","","","9000000","","","","","","","2000000","","","","","0","","","","","","","3000000","",
"Romania","ROU","Arms exports (SIPRI trend indicator values)","MS.MIL.XPRT.KD","","","","","","","","","","","","6000000","9000000","9000000","1000000","","","","27000000","44000000","48000000","30000000","91000000","101000000","173000000","99000000","28000000","35000000","52000000","25000000","7000000","5000000","14000000","16000000","29000000","9000000","4000000","11000000","2000000","19000000","3000000","","","24000000","","3000000","8000000","32000000","","2000000","1000000","0","108000000","108000000","","","","","","",
"Russian Federation","RUS","Arms exports (SIPRI trend indicator values)","MS.MIL.XPRT.KD","","","","","","","","","","","","","","","","","","","","","","","","","","","","","","","","","2605000000","3439000000","1477000000","3888000000","3571000000","3347000000","2040000000","4264000000","4503000000","5291000000","5746000000","5169000000","6279000000","5229000000","5159000000","5535000000","6235000000","4970000000","6208000000","8690000000","8414000000","7932000000","5387000000","5842000000","6685000000","5741000000","6409000000","",
"Rwanda","RWA","Arms exports (SIPRI trend indicator values)","MS.MIL.XPRT.KD","","","","","","","","","","","","","","","","","","","","","","","","","","","","","","","","","","","","","","","","","","","","","","","","","","","","","","","","","","","","",
"South Asia","SAS","Arms exports (SIPRI trend indicator values)","MS.MIL.XPRT.KD","","","","","","","","6000000","1000000","","","10000000","2000000","21000000","24000000","31000000","","","27000000","","","","32000000","","","","","","","1000000","85000000","3000000","","","4000000","","","","8000000","","24000000","3000000","9000000","12000000","36000000","43000000","37000000","23000000","16000000","27000000","5000000","3000000","","14000000","36000000","42000000","38000000","59000000","48000000","",
"Saudi Arabia","SAU","Arms exports (SIPRI trend indicator values)","MS.MIL.XPRT.KD","","","","","","","","4000000","3000000","","","","2000000","","","","0","13000000","","","","33000000","","","3000000","4000000","","","","","","","","12000000","","","1000000","","","","","","","","","","18000000","","","","1000000","62000000","","","","3000000","","","","",
"Sudan","SDN","Arms exports (SIPRI trend indicator values)","MS.MIL.XPRT.KD","","","","","","","","1000000","","","","","","","","","","","","","","","","","","","4000000","","","","","","","","","","","","","","","","","","","","","","","","","","","11000000","","","","","","",
"Senegal","SEN","Arms exports (SIPRI trend indicator values)","MS.MIL.XPRT.KD","","","","","","","","","","","","","","","","","3000000","","","","","","","","","","","","","","","","","","","","","","","","","","","","","","","","","","","","","","","","","","","",
"Singapore","SGP","Arms exports (SIPRI trend indicator values)","MS.MIL.XPRT.KD","","","","","","","","","","","","2000000","","","","17000000","","","30000000","72000000","","15000000","","25000000","91000000","","","81000000","25000000","87000000","44000000","3000000","3000000","11000000","30000000","","0","46000000","23000000","11000000","11000000","","4000000","","65000000","","","","","31000000","24000000","13000000","76000000","1000000","2000000","48000000","47000000","","","",
"Solomon Islands","SLB","Arms exports (SIPRI trend indicator values)","MS.MIL.XPRT.KD","","","","","","","","","","","","","","","","","","","","","","","","","","","","","","","","","","","","","","","","","","","","","","","","","","","","","","","","","","","","",
"Sierra Leone","SLE","Arms exports (SIPRI trend indicator values)","MS.MIL.XPRT.KD","","","","","","","","","","","","","","","","","","","","","","","","","","","","","","","","","","","","","","","","","","","","","","","","","","","","","","","","","","","","",
"El Salvador","SLV","Arms exports (SIPRI trend indicator values)","MS.MIL.XPRT.KD","","","","","","","","","","","","","","","","","","","","","","","","","","","","","","","","1000000","","","","","","","","","","","","","","","","","","","","","","","","","","","","",
"San Marino","SMR","Arms exports (SIPRI trend indicator values)","MS.MIL.XPRT.KD","","","","","","","","","","","","","","","","","","","","","","","","","","","","","","","","","","","","","","","","","","","","","","","","","","","","","","","","","","","","",
"Somalia","SOM","Arms exports (SIPRI trend indicator values)","MS.MIL.XPRT.KD","","","","","","","","","","","","","","","","","","","","","","","","","","","","","","","","","","","","","","","","","","","","","","","","","","","","","","","","","","","","",
"Serbia","SRB","Arms exports (SIPRI trend indicator values)","MS.MIL.XPRT.KD","","","","","","","","","","","","","","","","","","","","","","","","","","","","","","","","","","","","","20000000","5000000","","","","11000000","","","","","5000000","5000000","45000000","1000000","31000000","4000000","11000000","11000000","10000000","35000000","23000000","2000000","","",
"Sub-Saharan Africa (excluding high income)","SSA","Arms exports (SIPRI trend indicator values)","MS.MIL.XPRT.KD","27000000","33000000","","","","","","5000000","","14000000","3000000","6000000","12000000","2000000","2000000","18000000","19000000","","","","","","","","","","","","","","","","","","","","","","","","","","","","","","","","","","","","","","","","","","","",
"South Sudan","SSD","Arms exports (SIPRI trend indicator values)","MS.MIL.XPRT.KD","","","","","","","","","","","","","","","","","","","","","","","","","","","","","","","","","","","","","","","","","","","","","","","","","","","","","","","","","","","","",
"Sub-Saharan Africa","SSF","Arms exports (SIPRI trend indicator values)","MS.MIL.XPRT.KD","27000000","33000000","","","","","","5000000","","14000000","3000000","6000000","12000000","2000000","2000000","18000000","19000000","","","","","","","","","","","","","","","","","","","","","","","","","","","","","","","","","","","","","","","","","","","",
"Small states","SST","Arms exports (SIPRI trend indicator values)","MS.MIL.XPRT.KD","","","","","","","","","","","","","","","","","","","","","","","","","","","","","","","","","","","","","","","","","","","","","","","","","","","","","","","","","","","","",
"Sao Tome and Principe","STP","Arms exports (SIPRI trend indicator values)","MS.MIL.XPRT.KD","","","","","","","","","","","","","","","","","","","","","","","","","","","","","","","","","","","","","","","","","","","","","","","","","","","","","","","","","","","","",
"Suriname","SUR","Arms exports (SIPRI trend indicator values)","MS.MIL.XPRT.KD","","","","","","","","","","","","","","","","","","","","","","","","","","","","","","","","","","","","","","","","","","","","","","","","","","","","","","","","","","","","",
"Slovak Republic","SVK","Arms exports (SIPRI trend indicator values)","MS.MIL.XPRT.KD","","","","","","","","","","","","","","","","","","","","","","","","","","","","","","","","","","173000000","37000000","97000000","59000000","55000000","10000000","125000000","37000000","53000000","32000000","","46000000","","7000000","22000000","8000000","","","","4000000","1000000","8000000","3000000","18000000","22000000","12000000","",
"Slovenia","SVN","Arms exports (SIPRI trend indicator values)","MS.MIL.XPRT.KD","","","","","","","","","","","","","","","","","","","","","","","","","","","","","","","","","","","","","","","","","","","","","","","","","","","","","","","","","0","","","",
"Sweden","SWE","Arms exports (SIPRI trend indicator values)","MS.MIL.XPRT.KD","38000000","45000000","44000000","13000000","22000000","32000000","56000000","55000000","60000000","36000000","262000000","550000000","138000000","15000000","75000000","122000000","70000000","53000000","54000000","263000000","158000000","130000000","125000000","117000000","224000000","209000000","317000000","233000000","515000000","403000000","231000000","156000000","149000000","103000000","111000000","196000000","349000000","105000000","339000000","389000000","361000000","898000000","163000000","515000000","294000000","532000000","388000000","334000000","452000000","407000000","657000000","692000000","476000000","386000000","335000000","182000000","269000000","84000000","134000000","",
"Eswatini","SWZ","Arms exports (SIPRI trend indicator values)","MS.MIL.XPRT.KD","","","","","","","","","","","","","","","","","","","","","","","","","","","","","","","","","","","","","","","","","","","","","","","","","","","","","","","","","","","","",
"Sint Maarten (Dutch part)","SXM","Arms exports (SIPRI trend indicator values)","MS.MIL.XPRT.KD","","","","","","","","","","","","","","","","","","","","","","","","","","","","","","","","","","","","","","","","","","","","","","","","","","","","","","","","","","","","",
"Seychelles","SYC","Arms exports (SIPRI trend indicator values)","MS.MIL.XPRT.KD","","","","","","","","","","","","","","","","","","","","","","","","","","","","","","","","","","","","1000000","","","","","","","","","","","","","","","","","","","","","","","","",
"Syrian Arab Republic","SYR","Arms exports (SIPRI trend indicator values)","MS.MIL.XPRT.KD","","","","","","","","","","","17000000","","","","2000000","2000000","","0","","","","","178000000","46000000","1000000","29000000","31000000","","15000000","","","","40000000","40000000","","","0","0","","","","","","","","","3000000","","","20000000","20000000","","","","","","","","","",
"Turks and Caicos Islands","TCA","Arms exports (SIPRI trend indicator values)","MS.MIL.XPRT.KD","","","","","","","","","","","","","","","","","","","","","","","","","","","","","","","","","","","","","","","","","","","","","","","","","","","","","","","","","","","","",
"Chad","TCD","Arms exports (SIPRI trend indicator values)","MS.MIL.XPRT.KD","","","","","","","","","","","","","","","","","","","","","","","","","","","","20000000","","","","","","","","","","","","","","","","","","","","","","","","","","","","","","","","",
"East Asia & Pacific (IDA & IBRD countries)","TEA","Arms exports (SIPRI trend indicator values)","MS.MIL.XPRT.KD","285000000","35000000","51000000","18000000","67000000","386000000","619000000","410000000","730000000","657000000","905000000","","","","","","","","","","","","","","","","","","","","","","","","","1035000000","","","","392000000","","","","707000000","445000000","294000000","783000000","513000000","645000000","1140000000","1478000000","1260000000","1515000000","2062000000","1175000000","1845000000","2448000000","1323000000","1055000000","",
"Europe & Central Asia (IDA & IBRD countries)","TEC","Arms exports (SIPRI trend indicator values)","MS.MIL.XPRT.KD","5000000","5000000","12000000","111000000","237000000","234000000","319000000","309000000","288000000","323000000","268000000","280000000","281000000","167000000","233000000","","","","344000000","273000000","278000000","387000000","","220000000","","","399000000","","","","","","","","1964000000","4320000000","4062000000","4509000000","2862000000","5970000000","5233000000","6012000000","6371000000","6079000000","6738000000","5725000000","6217000000","6606000000","7127000000","5830000000","7215000000","9689000000","10276000000","9313000000","6314000000","6764000000","7791000000","6391000000","7081000000","",
"Togo","TGO","Arms exports (SIPRI trend indicator values)","MS.MIL.XPRT.KD","","","","","","","","","","","","","","","","","","","","","","","","","","","","","","","","","","","","","","","","","","","","","","","","","","","","","","","","","","","","",
"Thailand","THA","Arms exports (SIPRI trend indicator values)","MS.MIL.XPRT.KD","","","","","","","","","","","","","","","","","","","","","","","","","","","","","","","","","","","","","","","","","","","","7000000","7000000","","93000000","","","","","","","","","","2000000","2000000","","",
"Tajikistan","TJK","Arms exports (SIPRI trend indicator values)","MS.MIL.XPRT.KD","","","","","","","","","","","","","","","","","","","","","","","","","","","","","","","","","","","","","","","","","","","","","","","","","","","","","","","","","","","","",
"Turkmenistan","TKM","Arms exports (SIPRI trend indicator values)","MS.MIL.XPRT.KD","","","","","","","","","","","","","","","","","","","","","","","","","","","","","","","","","","","","","","","","","","","","","","","","","","","","","","","","","","","","",
"Latin America & the Caribbean (IDA & IBRD countries)","TLA","Arms exports (SIPRI trend indicator values)","MS.MIL.XPRT.KD","8000000","12000000","6000000","","4000000","","","","","","","","","","","72000000","","","","","","","","","","","","","","","","","","","","","","","","","","","","","","","","","","","","","","","","","","","","",
"Timor-Leste","TLS","Arms exports (SIPRI trend indicator values)","MS.MIL.XPRT.KD","","","","","","","","","","","","","","","","","","","","","","","","","","","","","","","","","","","","","","","","","","","","","","","","","","","","","","","","","","","","",
"Middle East & North Africa (IDA & IBRD countries)","TMN","Arms exports (SIPRI trend indicator values)","MS.MIL.XPRT.KD","3000000","","12000000","8000000","2000000","","13000000","32000000","32000000","21000000","79000000","42000000","","28000000","154000000","","","","","","158000000","","427000000","207000000","","","","","","","","","","","83000000","","","14000000","","","","","","","","","","","","","","","","","","","","","","",
"Tonga","TON","Arms exports (SIPRI trend indicator values)","MS.MIL.XPRT.KD","","","","","","","","","","","","","","","","","","","","","","","","","","","","","","","","","","","","","","","","","","","","","","","","","","","","","","","","","","","","",
"South Asia (IDA & IBRD)","TSA","Arms exports (SIPRI trend indicator values)","MS.MIL.XPRT.KD","","","","","","","","6000000","1000000","","","10000000","2000000","21000000","24000000","31000000","","","27000000","","","","32000000","","","","","","","1000000","85000000","3000000","","","4000000","","","","8000000","","24000000","3000000","9000000","12000000","36000000","43000000","37000000","23000000","16000000","27000000","5000000","3000000","","14000000","36000000","42000000","38000000","59000000","48000000","",
"Sub-Saharan Africa (IDA & IBRD countries)","TSS","Arms exports (SIPRI trend indicator values)","MS.MIL.XPRT.KD","27000000","33000000","","","","","","5000000","","14000000","3000000","6000000","12000000","2000000","2000000","18000000","19000000","","","","","","","","","","","","","","","","","","","","","","","","","","","","","","","","","","","","","","","","","","","",
"Trinidad and Tobago","TTO","Arms exports (SIPRI trend indicator values)","MS.MIL.XPRT.KD","","","","","","","","","","","","","","","","","","","","","","","","","","","","","","","","","","","","","","","","","","","","","","","","","","","","","","","","","","","","",
"Tunisia","TUN","Arms exports (SIPRI trend indicator values)","MS.MIL.XPRT.KD","","","","","","","","","","","","","","","","","","","","","","","","","","","","","","","","","","","","","","","","","","","","","","","","","","","","","","","","","","","","",
"Turkey","TUR","Arms exports (SIPRI trend indicator values)","MS.MIL.XPRT.KD","","","","","","","","","","","","","","","","","","","","","23000000","11000000","","","","","","","","","","","","","","3000000","3000000","0","3000000","43000000","19000000","5000000","26000000","42000000","28000000","23000000","82000000","66000000","111000000","63000000","72000000","86000000","143000000","156000000","189000000","292000000","315000000","245000000","364000000","",
"Tuvalu","TUV","Arms exports (SIPRI trend indicator values)","MS.MIL.XPRT.KD","","","","","","","","","","","","","","","","","","","","","","","","","","","","","","","","","","","","","","","","","","","","","","","","","","","","","","","","","","","","",
"Tanzania","TZA","Arms exports (SIPRI trend indicator values)","MS.MIL.XPRT.KD","","","","","","","","","","","","","","","","","","","","","","","","","","","","","","","","","","","","","","","","","","","","","","","","","","","","","","","","","","","","",
"Uganda","UGA","Arms exports (SIPRI trend indicator values)","MS.MIL.XPRT.KD","","","","","","","","","0","","","","","","","","","","","","","","","","","","","","","","","","","","","","","","","","","","","","","","","","","","","","","","","","4000000","","","",
"Ukraine","UKR","Arms exports (SIPRI trend indicator values)","MS.MIL.XPRT.KD","","","","","","","","","","","","","","","","","","","","","","","","","","","","","","","","","165000000","82000000","236000000","167000000","256000000","558000000","708000000","732000000","270000000","511000000","310000000","305000000","199000000","291000000","531000000","644000000","392000000","433000000","485000000","569000000","1498000000","672000000","622000000","342000000","471000000","293000000","224000000","",
"Upper middle income","UMC","Arms exports (SIPRI trend indicator values)","MS.MIL.XPRT.KD","317000000","80000000","","","","","","443000000","","691000000","","","","","","","","","","","","","","","","","","","","","","","","","","4987000000","","","","","","","","","7066000000","","6477000000","","7573000000","6524000000","8539000000","10333000000","10528000000","10741000000","7117000000","8356000000","9812000000","7568000000","8138000000","",
"Uruguay","URY","Arms exports (SIPRI trend indicator values)","MS.MIL.XPRT.KD","6000000","","","","","","","","","","","","","","","","","","","","","","","","","","","","","","","","","","","","","","","","1000000","","","","","","","","","","","","","","","","","","","",
"United States","USA","Arms exports (SIPRI trend indicator values)","MS.MIL.XPRT.KD","6055000000","6330000000","5938000000","8944000000","12235000000","11155000000","8404000000","7256000000","8447000000","11773000000","9017000000","11720000000","10787000000","12033000000","12752000000","15706000000","15662000000","14389000000","14083000000","9725000000","10730000000","13611000000","14015000000","13939000000","11887000000","10824000000","11673000000","12252000000","11875000000","11344000000","10733000000","12494000000","14111000000","13847000000","11517000000","11209000000","10869000000","14522000000","15725000000","11555000000","7576000000","5615000000","4953000000","5665000000","6845000000","6772000000","7523000000","7850000000","6800000000","6913000000","8074000000","9022000000","9086000000","7571000000","9601000000","9931000000","9955000000","12485000000","10508000000","",
"Uzbekistan","UZB","Arms exports (SIPRI trend indicator values)","MS.MIL.XPRT.KD","","","","","","","","","","","","","","","","","","","","","","","","","","","","","","","","","","","","","","","","","","","","252000000","126000000","4000000","","","","209000000","209000000","209000000","","","","34000000","68000000","","","",
"St. Vincent and the Grenadines","VCT","Arms exports (SIPRI trend indicator values)","MS.MIL.XPRT.KD","","","","","","","","","","","","","","","","","","","","","","","","","","","","","","","","","","","","","","","","","","","","","","","","","","","","","","","","","","","","",
"Venezuela, RB","VEN","Arms exports (SIPRI trend indicator values)","MS.MIL.XPRT.KD","","","","","","","","","","17000000","","","","","","13000000","","","","","","","","","","","","0","","","","","","","","","","","","","","","","","1000000","","7000000","","3000000","40000000","","","","","","","","","","",
"British Virgin Islands","VGB","Arms exports (SIPRI trend indicator values)","MS.MIL.XPRT.KD","","","","","","","","","","","","","","","","","","","","","","","","","","","","","","","","","","","","","","","","","","","","","","","","","","","","","","","","","","","","",
"Virgin Islands (U.S.)","VIR","Arms exports (SIPRI trend indicator values)","MS.MIL.XPRT.KD","","","","","","","","","","","","","","","","","","","","","","","","","","","","","","","","","","","","","","","","","","","","","","","","","","","","","","","","","","","","",
"Vietnam","VNM","Arms exports (SIPRI trend indicator values)","MS.MIL.XPRT.KD","","","","","","","","","","","","","0","","","","","","","","","","","","","","","11000000","","","","","","","","","","","","","","","","","","","14000000","","","","","","","","","","","","","",
"Vanuatu","VUT","Arms exports (SIPRI trend indicator values)","MS.MIL.XPRT.KD","","","","","","","","","","","","","","","","","","","","","","","","","","","","","","","","","","","","","","","","","","","","","","","","","","","","","","","","","","","","",
"World","WLD","Arms exports (SIPRI trend indicator values)","MS.MIL.XPRT.KD","","","","","","","","","","","","","","","","","","","","","","","","","","","","","","","","","","","","","","","","","","","","","","","","","","","","","","","","","","","","",
"Samoa","WSM","Arms exports (SIPRI trend indicator values)","MS.MIL.XPRT.KD","","","","","","","","","","","","","","","","","","","","","","","","","","","","","","","","","","","","","","","","","","","","","","","","","","","","","","","","","","","","",
"Kosovo","XKX","Arms exports (SIPRI trend indicator values)","MS.MIL.XPRT.KD","","","","","","","","","","","","","","","","","","","","","","","","","","","","","","","","","","","","","","","","","","","","","","","","","","","","","","","","","","","","",
"Yemen, Rep.","YEM","Arms exports (SIPRI trend indicator values)","MS.MIL.XPRT.KD","","","","","","","","","","","","","","","","6000000","","","","","","","","","","","51000000","","","","","","","","","","","","","","","","","","","","","","","","","","","","","","","","","",
"South Africa","ZAF","Arms exports (SIPRI trend indicator values)","MS.MIL.XPRT.KD","27000000","33000000","","","","","","4000000","","14000000","3000000","5000000","12000000","1000000","2000000","18000000","16000000","0","","","39000000","39000000","1000000","","","25000000","25000000","28000000","25000000","0","","54000000","75000000","54000000","11000000","17000000","31000000","7000000","22000000","28000000","21000000","37000000","17000000","43000000","72000000","30000000","187000000","127000000","141000000","103000000","235000000","71000000","184000000","103000000","65000000","58000000","75000000","103000000","149000000","",
"Zambia","ZMB","Arms exports (SIPRI trend indicator values)","MS.MIL.XPRT.KD","","","","","","","","","","","","","","","","","","","","","","","","","","","","","","","2000000","","","","","","","","","","","","","","","","","","","","","","","","","","","","","",
"Zimbabwe","ZWE","Arms exports (SIPRI trend indicator values)","MS.MIL.XPRT.KD","","","","","3000000","","","","","","","","","","","","","","","","","","","","","","","","","","","","","","","","","","","","","4000000","","","","","","","","","","","","","","","","","","",
